id_producto,modelo,mape,rmse,mae
1,Naive estacional,13.57,257.69,235.83
1,Holt-Winters,4.77,106.19,83.57
1,SARIMA,5.58,120.71,97.72
2,Naive estacional,12.21,275.86,267.33
2,Holt-Winters,4.14,103.54,93.53
2,SARIMA,5.01,121.63,111.89
3,Naive estacional,14.65,312.53,297.83
3,Holt-Winters,6.33,147.06,130.8
3,SARIMA,4.76,142.94,102.87
4,Naive estacional,3.46,49.87,43.0
4,Holt-Winters,4.81,63.0,60.9
4,SARIMA,4.7,61.79,59.59
5,Naive estacional,11.01,141.91,135.17
5,Holt-Winters,3.92,65.45,49.09
5,SARIMA,3.0,46.37,37.46
6,Naive estacional,3.67,66.96,54.83
6,Holt-Winters,3.23,55.91,48.92
6,SARIMA,3.17,55.54,48.12
7,Naive estacional,6.62,103.33,81.0
7,Holt-Winters,4.61,68.03,57.58
7,SARIMA,4.65,68.98,58.32
8,Naive estacional,7.48,146.55,108.5
8,Holt-Winters,4.44,76.1,61.58
8,SARIMA,4.45,76.09,61.67
9,Naive estacional,5.31,55.99,48.0
9,Holt-Winters,2.8,31.87,25.5
9,SARIMA,2.88,32.84,26.31
10,Naive estacional,7.36,34.32,28.67
10,Holt-Winters,5.15,24.13,19.5
10,SARIMA,7.13,33.62,27.83
11,Naive estacional,6.2,91.86,48.33
11,Holt-Winters,5.53,69.03,43.5
11,SARIMA,7.38,101.78,58.23
12,Naive estacional,12.69,93.82,89.67
12,Holt-Winters,13.48,103.49,97.63
12,SARIMA,14.05,107.34,101.85
13,Naive estacional,6.65,66.4,55.17
13,Holt-Winters,5.07,46.52,40.75
13,SARIMA,4.65,48.26,36.94
14,Naive estacional,3.4,54.62,43.5
14,Holt-Winters,2.6,55.83,31.13
14,SARIMA,2.54,53.95,30.65
15,Naive estacional,4.89,45.03,37.0
15,Holt-Winters,4.76,40.56,36.0
15,SARIMA,4.0,36.78,30.87
16,Naive estacional,10.06,162.44,148.17
16,Holt-Winters,4.14,69.43,60.2
16,SARIMA,4.23,70.58,61.3
17,Naive estacional,8.04,116.35,104.67
17,Holt-Winters,5.0,72.5,62.97
17,SARIMA,5.4,77.2,68.5
18,Naive estacional,10.15,128.32,115.17
18,Holt-Winters,4.89,74.44,58.98
18,SARIMA,4.9,74.37,59.14
19,Naive estacional,5.46,151.28,120.0
19,Holt-Winters,3.97,99.55,85.83
19,SARIMA,3.79,99.01,80.88
20,Naive estacional,19.56,272.7,267.17
20,Holt-Winters,1.21,19.67,16.53
20,SARIMA,3.34,64.23,45.03
21,Naive estacional,4.31,39.43,35.83
21,Holt-Winters,5.78,51.33,46.5
21,SARIMA,6.22,55.83,50.75
22,Naive estacional,5.1,69.68,52.17
22,Holt-Winters,6.91,76.78,70.04
22,SARIMA,5.13,58.35,51.02
23,Naive estacional,17.21,629.93,603.83
23,Holt-Winters,4.34,176.41,148.34
23,SARIMA,5.49,237.95,194.16
24,Naive estacional,13.29,432.0,409.33
24,Holt-Winters,22.17,682.3,676.45
24,SARIMA,9.17,322.7,283.58
25,Naive estacional,2.63,78.24,51.0
25,Holt-Winters,2.71,64.33,54.17
25,SARIMA,4.03,87.53,79.81
26,Naive estacional,7.69,251.12,214.17
26,Holt-Winters,3.83,121.23,99.2
26,SARIMA,4.07,129.17,108.61
27,Naive estacional,6.85,113.63,94.33
27,Holt-Winters,7.3,101.58,91.03
27,SARIMA,6.16,85.95,78.0
28,Naive estacional,7.32,53.15,45.67
28,Holt-Winters,6.33,42.41,38.96
28,SARIMA,5.98,39.37,36.54
29,Naive estacional,6.19,46.51,35.5
29,Holt-Winters,4.68,35.68,29.0
29,SARIMA,4.52,32.89,27.65
30,Naive estacional,12.84,114.34,109.67
30,Holt-Winters,3.62,43.46,33.67
30,SARIMA,4.14,49.41,37.98
31,Naive estacional,7.72,34.39,28.0
31,Holt-Winters,11.02,43.82,41.07
31,SARIMA,12.07,54.11,44.78
32,Naive estacional,11.2,59.37,56.33
32,Holt-Winters,4.25,23.61,21.44
32,SARIMA,4.04,22.0,20.49
33,Naive estacional,8.21,119.06,87.67
33,Holt-Winters,6.87,75.5,65.93
33,SARIMA,7.46,108.08,83.59
34,Naive estacional,11.28,117.37,111.83
34,Holt-Winters,5.66,63.49,55.04
34,SARIMA,5.51,63.7,54.15
35,Naive estacional,15.23,42.35,36.5
35,Holt-Winters,9.91,29.87,23.67
35,SARIMA,9.95,27.47,23.54
36,Naive estacional,7.49,65.97,54.67
36,Holt-Winters,4.96,39.72,35.41
36,SARIMA,5.01,42.11,38.32
